customerEmail,customerPhone,customerDevice,customerIPAddress,customerBillingAddress,No_Transactions,No_Orders,No_Payments,transactionId,transactionAmount,transactionFailed,Fraud
josephhoward@yahoo.com,400-108-5415,yyeiaxpltf82440jnb3v,8.129.104.40,"5493 Jones Islands
Brownside, CA 51896",2,2,1,"a9lcj51r, y4wcv03i",44.0,0.0,False
evansjeffery@yahoo.com,1-788-091-7546,r0jpm7xaeqqa3kr6mzum,219.173.211.202,"356 Elizabeth Inlet Suite 120
Port Joshuabury, NM 37681",3,3,7,"5mi94sfw, br8ba1nu, a33145ss",111.0,1.0,True
andersonwilliam@yahoo.com,024.420.0375,4m7h5ipl1shyavt6vv2r,67b7:3db8:67e0:3bea:b9d0:90c1:2b60:b9f0,"8478 Sean Ridges Apt. 441
Davisberg, PR 72250",5,3,2,"q3lyvbza, 3alf9irw, 69w9wymx, pegqc4ud, uo3slwh7",131.0,2.0,False
rubenjuarez@yahoo.com,670.664.8168x94985,slovx60t0i558may4ks0,95de:8565:5a66:792c:26e0:6cfb:7d87:11af,"7769 Elizabeth Bridge Apt. 343
Nortonstad, FM 51359",3,3,1,"vx4cjc27, yiay9b0n, sn3v0ql2",85.0,0.0,False
uchen@malone.com,1-981-877-0870,j0pd24k5h8dl2fqu0cz4,196.89.235.192,"148 Russell Lodge Apt. 445
Port Jenniferside, TN 60556-0871",7,7,6,"q8j3dgni, xjulqy8x, rvm65vr1, kckrvagp, 2slep8t9, yd80pfko, ckk3ux58",411.0,2.0,True
robinsoncynthia@dunn.com,+65(5)8997489788,hbww39m1wenbq4ymjhsx,43.166.163.164,"65233 Hutchinson Mountains
Martinezside, OR 75588",1,1,2,67qcpl0r,25.0,0.0,True
samuel15@saunders-rhodes.com,05045239487,up7afvce5v0omniqlevq,33.67.35.30,"3960 Emily Fort
Staceytown, AR 21817-3325",2,1,2,"9jutaun8, lla8uo92",80.0,1.0,True
johnlowery@gmail.com,044-642-9860,rjb0adai34izqvys4938,212.144.68.190,"484 Pamela Pass
Lake Jessicaview, WI 12942-9074",6,5,2,"300mewnx, cfoevtai, kg0emdbe, crwqqfpi, u2xbyl92, c5w6btep, 7sdl8reg, i25dewqi, bpvdqkr7, qenelvvf, w5wkltds, m0vig74t, ao66pcnh, 0ltw4chk, h1zprjml, aoyfjmwf, hjsrew5l, e93zwysp, t2tr0zve, ckvws967, gzs6it77, soaefwfo, 7df4i4c9, c5usmga3, qio8vvq7, xi23rned, my4g00b1, g3bqf8xd",1033.0,6.0,True
jameslandry@rodriguez.com,1-885-168-1310x338,yz4l2bgbvzra5eb5qcan,c899:ff67:6864:4365:def3:3023:655f:5181,"USNS Price
FPO AE 14661",5,2,1,"idd9amrw, 2ta3i8e2, 8pssnrcy, ksmxqqg3, sihnojhc",109.0,3.0,False
ubranch@rivera-parker.info,(772)964-8162x6310,6mpx027neyz6sh04n3ue,86.16.65.228,"6974 Robertson Common Apt. 902
Port Juanside, ID 80590-9633",0,0,1,,,,True
bowenwilliam@yahoo.com,(128)248-4091x37789,qmntgod0numz62gzbla7,231.91.253.19,"27061 Wright Forks
Craigland, MN 59915",6,5,1,"fkxbbt2y, i2xemksa, ud4zmsnq, wnlc7kcq, uqgebkxo, 9u7gmxy2",167.0,2.0,True
ksummers@hotmail.com,1-023-275-4692,2ngkzu1idwxintmxwmgn,184.97.57.11,"46383 Matthew Track Apt. 220
Romanburgh, DC 95125",7,5,4,"46ijodjq, xo1gdp22, 33jfoo59, i8bk4lna, 7p73brx2, i8zlhilq, zwl18ddd",241.0,3.0,False
christineklein@wright-boyd.org,897-464-6425x941,j8cp1uydkuyza2eo0mir,4304:521a:e1c3:766b:21f3:ac3:4ab2:5a2,"67636 Renee Islands Suite 307
Teresaview, ND 09042",4,4,3,"fgobyd98, c4fephmj, 07hkhmmf, jz6qu6zy",117.0,0.0,False
meganwalters@chavez.com,(522)133-8741x643,qsxqbn6qjxkni7f813qn,98.229.160.246,"7541 Olson Glens
Ballshire, IL 29415",4,2,1,"bhil44kr, nw0a0y9s, enl54gvp, hkcfpxan",154.0,2.0,False
caleb94@sutton.info,07452086668,lixwrlvcr4g5ht600dk9,2efe:240f:cc33:306:8e47:b8d5:b466:f12a,"813 Miller Lakes
Lake Christina, SD 29778-1298",5,5,2,"n7vnyysr, mx7hay87, vby375q9, 1ti2lm0o, fwq4f8bn",185.0,0.0,False
gonzalesjackson@gmail.com,1-410-373-1228x129,hmkn4nmfc5q5mgify2zw,229.2.225.188,"566 Courtney Stream
Reedland, NH 84853",4,4,1,"zcnztn97, zx8st0gu, fzvbpn58, 1wa1s613",176.0,0.0,True
dana09@yahoo.com,515.708.2280x105,wb0uylp0rwy01x5j1jzd,166.148.66.158,"812 Moss Radial Suite 844
North Patriciaburgh, MH 13975",6,3,2,"3cryzmi3, koade5oa, 2yzkbxnq, okdmow3s, wt1g1zul, scls9w4j",163.0,3.0,False
alec27@bell.com,895-224-8246x9667,cq5wya63n1w79o0hlnpm,128.61.46.131,"6174 Nicholas Cliffs Suite 855
Websterview, MN 44283-0599",6,4,2,"jbnf5zpw, 60kuyxra, gj13pt1o, u6wa5ysx, vfrua0id, jh5r2s3s",158.0,2.0,False
juliecook@hotmail.com,1-412-734-7967x67388,sj72s0k7wxdrxu3rcmba,61ba:a72b:5401:db1a:9833:d0da:254c:2369,"1750 Alicia Shoals Apt. 000
South Benjamin, ND 75373",2,2,1,"5855qbk5, 6lf1jy8o",25.0,0.0,False
meganberry@clark.biz,1-991-846-6271x54037,2vpovzopjoqppeqfa5nw,73.182.31.59,"34944 Glenn Mountain
Sherryhaven, TN 36252",5,4,2,"74b4ih1u, 1u5d7k9y, o4z2x2e9, 85k8mjpo, ubm4tzca",161.0,1.0,False
psantiago@nelson.net,885.682.0863,qx6nhdabeaj329zdri0o,81.13.103.118,"238 Reeves Villages
Leslieton, SD 12318-4476",1,1,1,6p2l2jxb,31.0,0.0,False
harrisnicholas@mitchell-hancock.com,(922)411-5121x98410,y3m3px7h46gor851y1pu,58.13.30.104,"357 Barbara Crossroad
Jacobsburgh, WY 09289-9170",6,4,2,"k5x38nss, 6mas9ujn, gkolnfbh, vynq8mn9, 3qr93r9x, 5ccytrgf",202.0,2.0,False
davismike@hotmail.com,467-222-0933x910,4hzaaor6es3iyuiavyio,162.48.39.230,"07078 Brent Ways Apt. 999
Alvarezshire, ND 82309",4,3,1,"74rrit1l, 15adxvt9, lyq2dt5j, upzpdr9y",103.0,1.0,False
guerramichael@hotmail.com,299-883-0904,webmbgi39hwejv3d90kt,245.38.171.222,"13553 Michelle Freeway Apt. 290
Tammyhaven, GU 02869-4630",0,0,1,,,,True
natalie98@yahoo.com,02934317865,x5ts382m7jezato91fjz,89e:31aa:e9e2:90ea:aa00:4a8c:805c:20ea,"23831 Adams Tunnel Suite 538
North David, NE 92200-7011",1,1,1,c60my23d,23.0,0.0,False
karen54@mullins.biz,1-019-956-8013,ybz490o0v5781808jtzw,61.219.235.129,"526 Ronald Cliffs
West Christinaville, GU 76418",8,5,2,"cw2apg23, dgx25sxc, o16cfq48, r3gj74vr, n47dl09n, q8z8feru, 5vwwh56j, lkq1ib9d",154.0,3.0,False
avaldez@gmail.com,203-573-2041,bwgvb5w8dm6upvi7ucqc,46.130.37.206,"304 Heather Fall
East Christina, UT 45880-4522",2,1,1,"j8cy8qqf, n4lw10e3",38.0,1.0,False
blackjoel@wright.com,621.591.0560,smxfahki83m4rgsvgvki,9717:f390:29c6:8d60:aee7:a054:1b90:9493,"Unit 0643 Box 8346
DPO AA 55632-6780",6,5,1,"ueos82ny, p5gx6q9w, 2zbevcd8, r1r4ce3k, er8zjgzm, hqtzz2ib",207.0,1.0,False
abigail08@yahoo.com,650-489-7595x7901,0g6v7n9n8k4pekxpqj2e,72.251.102.162,"3764 Stanley Hollow
East Catherine, CT 98470",5,3,2,"oquhv695, r6c5d2vo, 1aq5meg1, zu65tthv, 97sqcd6l",209.0,2.0,False
catherine64@gmail.com,563-396-2038x288,myjxxvd3jfn1eymfy50n,1289:d2a9:c65d:8fc7:7be4:129b:d7b:cf7b,"372 Michael Club Suite 553
Herrerafort, MH 52953",5,4,6,"s3hfs4fc, 8810813t, iw7bakk3, w2nnyowa, c2b8df2a",314.0,1.0,True
romerolauren@hotmail.com,(099)775-4222,k8t5eytta8tc8y593lcr,846:e2b8:6318:5636:946d:ca83:8076:d098,"34958 Sean View
West Robert, DE 93344-9833",2,2,1,"xph56a1n, nonzx5wh",68.0,0.0,False
qramsey@hotmail.com,+45(0)7468859801,0o4xh6wbyuxwchh1la5f,58.43.60.165,"87265 Woods Square
Port Heidimouth, LA 03208-8304",6,5,2,"5hj630hg, pz9du9rq, fv1q37k3, mh712ehl, 7sfult79, wmbgls2d",137.0,1.0,False
9es7t@u6n7x,518.037.7423x366,uqdiolg8krd34n4phs18,3617:fa2b:f31e:5b72:59a8:cb1a:d090:edb9,"63978 Luis Ports
Yvonneville, NE 63736-2980",2,1,1,"7m39em4p, yz35aas7",32.0,1.0,True
ypruitt@hotmail.com,804-331-7488x82163,dmqmkcujj3k31g0kr9b4,224.3.233.30,"437 Jean Well
Andrewville, FM 13796",4,4,3,"h7huu8lz, t55qhcm8, bzubcvnz, qyw32m2v",146.0,0.0,False
zbennett@frazier.com,995.449.5115x498,zxdd5co6f5pylq9it4x0,e03d:db6e:f5ca:b9cd:d64f:80fe:6177:26e1,"89773 Peterson Course Suite 625
East Amandaborough, VA 47613-8661",0,0,0,,,,False
aweaver@yahoo.com,565-347-7032,lr2c0lancqoqkosnyqnj,2432:d9dc:c6ad:ef9c:c5df:b7bf:1b48:4444,"85993 Heather Drive
East Erinhaven, KY 61109",1,1,1,0exoy858,20.0,0.0,False
richard05@hanson-key.org,(428)021-0009,wr3wy5qmkd8qqwljulll,158.72.242.154,"432 Margaret Isle
West Kevinbury, SC 42235",1,1,1,j3vtxcy9,40.0,0.0,False
paul86@hotmail.com,986-625-5606,iyac5n05j0sxp2b0cnnc,aae7:6c39:b70:7025:d60d:bab3:6547:4adc,"546 Kim Walk
South Jacquelinefurt, NM 01696",2,1,1,"kuqkfynb, rk0m8roe",88.0,1.0,False
xwang@white.com,592.309.4963x427,1qj6z7funp3l28ym8trh,7891:9f08:9ac6:c816:7c58:26cd:ff2c:7ddc,"139 Ramirez Island Suite 885
New Joan, MT 69993",0,0,0,,,,False
mark02@young.com,(833)029-3127,iuaio7yeshnjtrqn6qc5,107.82.81.240,"229 Michelle Union Suite 692
Lake Sarahport, AS 45607",5,4,2,"rxcql0ld, aq1qv1td, w2tqx0ln, xu7b9kcr, fn1847f0",166.0,1.0,False
johnlowery@gmail.com,737-377-9701x577,jz66ap43id2y35ivfqa5,6c21:ac1d:2089:68fa:abb7:8c00:525f:6588,"08238 Kyle Squares Suite 893
Millermouth, IN 27535-5397",0,0,1,"300mewnx, cfoevtai, kg0emdbe, crwqqfpi, u2xbyl92, c5w6btep, 7sdl8reg, i25dewqi, bpvdqkr7, qenelvvf, w5wkltds, m0vig74t, ao66pcnh, 0ltw4chk, h1zprjml, aoyfjmwf, hjsrew5l, e93zwysp, t2tr0zve, ckvws967, gzs6it77, soaefwfo, 7df4i4c9, c5usmga3, qio8vvq7, xi23rned, my4g00b1, g3bqf8xd",1033.0,6.0,True
smithtiffany@davis-perkins.com,384.291.0196x66623,czrv4aped9e2ndgv89b5,141.224.72.49,"1862 Melanie Islands Apt. 152
North Williamhaven, IA 08202-2571",0,0,1,,,,False
brandon58@conner.com,726-715-7429x06218,qywyyrk5r87k21ij3p62,225.62.150.241,"USS Barr
FPO AE 16052-3851",8,3,1,"bczklypo, 75p8ugk5, p237hz8y, e6vl0gpx, fo3oz01r, fqqaqp6q, lesb2kxu, w3jgb8qt",149.0,5.0,False
knichols@gmail.com,(664)946-1521x6991,w0ykvw2nrcc03lx6logd,43.108.40.6,"1742 Regina Turnpike Suite 295
West Austin, DE 93022",0,0,1,,,,False
gsimpson@cox.org,+23(4)1428642270,nf0i429dh2h2fmf287ec,20.34.8.37,"32514 Freeman Court
Port Waltermouth, SC 34012",0,0,0,,,,False
johnlowery@gmail.com,+16(4)9016414340,cdx178qymd6vy77nm4x3,222.79.159.140,"77711 Pamela Ridge
New Kayla, IL 27182",3,2,1,"300mewnx, cfoevtai, kg0emdbe, crwqqfpi, u2xbyl92, c5w6btep, 7sdl8reg, i25dewqi, bpvdqkr7, qenelvvf, w5wkltds, m0vig74t, ao66pcnh, 0ltw4chk, h1zprjml, aoyfjmwf, hjsrew5l, e93zwysp, t2tr0zve, ckvws967, gzs6it77, soaefwfo, 7df4i4c9, c5usmga3, qio8vvq7, xi23rned, my4g00b1, g3bqf8xd",1033.0,6.0,True
jamescampbell@randall-pacheco.biz,599-142-6783,eaul63h9guyvwuymfn3z,45.203.99.249,"29408 Lisa Lock
Port Jennifer, LA 26501-7040",7,3,2,"n53a4z93, nq16vew4, r40gi7kt, so2vwp1v, ulr6tqlz, 8hc4ygjd, vpzfovrf",146.0,4.0,True
johnsonjennifer@yahoo.com,1-670-969-5075x27186,yqt388sj7f142rohzukc,172.191.99.44,"6395 Christopher Lakes Suite 062
South Dana, ID 74510-4952",0,0,0,,,,False
briana34@gmail.com,952-580-9304x38838,s7dtery2p2f00b7qnwvv,f793:509a:b82a:f556:b199:c649:8ab3:3f0a,"4264 Traci Mountains Suite 245
East Trevor, NC 37274-0975",7,5,2,"2gd1xtoz, z292pjgq, 0xj8t0jz, ji0xd4so, 7o924iwu, 4bce098o, zrro6kto",236.0,2.0,False
jonesandrea@gray.biz,+49(5)7226212913,szchbklzmzi87sa0oyz0,120.215.98.17,"33328 Mendez Shore Apt. 328
North Miguelville, MT 05102-0874",3,3,1,"jjnhdzhb, cmlxddnq, kyzfj2ta",96.0,0.0,False
kristina41@gmail.com,1-836-334-7673,1a88bvu79nax6873na08,35.23.150.176,"5769 Ronald Brook Suite 963
Lake Jasonfurt, MS 45350-9530",7,6,3,"o022s00u, w7ludkyz, ohw0eoga, uusnh2tp, 0niv9sm2, by1ob38p, h96uhgzk",369.0,1.0,True
whodges@yahoo.com,791-857-3838x784,c0zsrf0sna9bkdhncxk3,26a2:b5fa:e76c:cf72:577b:ea46:3b20:16b0,"839 Heather Mall Suite 257
Lake Robert, AL 60583-4065",0,0,1,,,,False
nolanalec@yahoo.com,+00(2)1650962747,9ytcxpehi6xw76g5qhhl,b298:90c6:ce22:e0aa:5906:4ec3:d8c:a455,"6790 Cassandra Loop
Davidton, ME 00036",5,4,3,"uzxl7bjx, 6vdayna1, 3rc2nhqf, 83llpfdj, rhgbdlfu",179.0,1.0,False
spencer77@reid.com,423.526.5373,7318fn930cyfirv504xp,8.13.234.51,"9811 Allison Harbors
Perryberg, SC 57620-9104",5,2,3,"9pqd6ebh, 9udno8l3, h0heqcju, obe4ky4l, 62dks9yz",101.0,3.0,False
zthomas@gmail.com,731.957.1783x62296,7p70n6q6zbgfhiqqqsxy,ad37:7b02:70fb:4b74:bc77:cd13:1bed:2483,"01494 Anderson Corners Suite 314
Daviston, SC 85230",0,0,0,,,,False
uguzman@yahoo.com,(017)893-9493,at92v1f1r3shwbeujiap,151.245.182.84,"9596 Christian Bridge
West Nicholasbury, OR 90106-9840",1,1,1,ftiso5mr,353.0,1.0,True
ssmith@levine-harmon.biz,266-228-3021x90360,7u2y3wsyj7ehzfao86md,13ff:5a93:bc34:e190:5e4b:ac80:2e2d:6217,"37549 Crawford Forest
Christopherside, KY 96656",8,5,2,"3f97a9jm, qblbbsr6, uriznwe8, wpumno5r, th1lhv8t, 6qb7pwgb, cyob52xd, fu5bnafm",240.0,4.0,False
feliciabrown@gmail.com,(226)129-2677,z7xkuohhjbtiqs6q9rk9,115.137.171.103,"49680 Brian Squares Apt. 122
Port Walterburgh, MH 02766-0708",1,1,1,55tz7m12,41.0,0.0,True
dianacook@gmail.com,764-447-7031,ntl63nfd4sevm4xxvsyq,710e:d9d9:1ef0:cdc:ed53:10d:2c7e:667e,"938 Miranda Mountain
Alexandratown, AS 69640",3,2,1,"mivfzxfz, xmzhdlhj, 6nfh2k77",58.0,1.0,False
cookbenjamin@hotmail.com,(287)694-5221x45370,8fapmchbpcdesx94tnmb,82.3.174.184,"585 Veronica Loop Suite 856
East Rebeccachester, AZ 55756",6,4,1,"7p1c81gx, odva1tei, wxb335un, hyknr1f4, 1qfz6ocd, mctz3wea",217.0,2.0,False
joserowland@jones.com,698-954-1805,znzp16ko7mtwjfxgrle4,152.211.139.83,"1292 Tricia Key Suite 062
Marthabury, KS 40445",4,4,6,"yjfirs14, hrzejsy4, 6xtouwt2, u2mtko2f",108.0,0.0,True
pattersonphilip@yahoo.com,(425)200-2228,9gyjtadv75scvq723pow,d1ca:57d4:7c58:8cd4:e100:99d8:3fd6:92f9,"258 Teresa Crescent Apt. 167
Rodriguezmouth, AS 13930",4,4,2,"61k4wiml, tuyrl147, cattpxq6, kn2hi7mn",110.0,0.0,False
hj8maoy@1jcfcxs7,03115487766,e3prs7zh4ueieiwlkud7,769a:4538:2bd2:8213:85ed:ca71:1ea3:dcd9,"872 Ashley Island Apt. 254
East Anthonytown, LA 10352",6,5,2,"ixardum8, 01qy7cu0, b2llml7i, cwqkwqg6, ao9gm8ru, eyudgsxk",200.0,1.0,True
finleybrianna@yahoo.com,255-915-9059x3369,m97tf30d9wpav4njjfbm,233.79.136.157,"445 Nicole Hollow
Carterton, FM 48532",7,4,1,"gec3i717, e9cfoezm, vln8ddqj, 20fwt83g, 203fxp7y, 7sajyzm4, ybvvmxmd",219.0,4.0,False
suzanne21@gmail.com,1-043-962-2576,ewc3gyloi1ing9o64jpt,4834:7ccb:15de:9123:5658:42c3:cc50:79f,"398 Latasha Canyon
Kathyland, LA 36717-2161",5,3,2,"hpcgclef, 5mub2d51, vdwjlp18, 95qmlxm7, jreh2bkw",147.0,2.0,True
johnlowery@gmail.com,04712252182,311kdz4c1210iixltk2j,42b3:df19:86fe:abd9:dafe:f6c1:eb76:c72,"11704 Andrew Villages Apt. 035
Jamesfurt, OR 49817-0470",7,5,1,"300mewnx, cfoevtai, kg0emdbe, crwqqfpi, u2xbyl92, c5w6btep, 7sdl8reg, i25dewqi, bpvdqkr7, qenelvvf, w5wkltds, m0vig74t, ao66pcnh, 0ltw4chk, h1zprjml, aoyfjmwf, hjsrew5l, e93zwysp, t2tr0zve, ckvws967, gzs6it77, soaefwfo, 7df4i4c9, c5usmga3, qio8vvq7, xi23rned, my4g00b1, g3bqf8xd",1033.0,6.0,True
kristaavery@lewis-baird.com,242.165.5396x07020,3wqhnieu6nbcis8x7h3j,180.223.72.88,"73802 Aaron Field Apt. 622
Port Lisa, MO 01167",1,1,3,j8eo5x52,16.0,1.0,False
dana23@lawrence.net,+78(3)5889318722,1c9wdri783k7ts0a6ix0,168.52.139.112,"USNV Bennett
FPO AE 82607-5790",0,0,1,,,,False
cathy42@gibson.com,754.248.6239x43965,c3r2qzqwc9anp6utob7n,7493:ab04:47ff:3a14:67d6:a128:a5b6:1500,"046 Carson Crescent
South Jacksonview, NV 22839-2652",3,3,15,"h469bpo6, vj05ozm5, aziryp5p",87.0,0.0,True
michelleherrera@day.info,1-991-286-0655x973,s7m2fjcrk1y7lj0amm08,fb35:e7e4:1368:817f:b75e:6473:d60b:93a8,"586 Johnson Courts
South Timothymouth, OH 66490",6,4,1,"r214877d, 36u4g331, 8wozhvp8, vqceka21, ah1qaf4c, pgduytlm",231.0,2.0,False
brockmatthew@hotmail.com,800.814.4655x012,132m3ourosp5a28ksvou,188.74.171.130,"08645 Alvarado Way Suite 514
Millerfurt, AL 86782-0548",0,0,0,,,,False
ijuarez@yahoo.com,705.315.1466x180,ztef2ig476czoj3mzkyl,9247:4a63:f325:1e5e:fcbb:ea08:304b:48ad,"Unit 0375 Box 6645
DPO AP 74311",3,3,2,"pf63pf7p, fjfqyvsq, 7sb2vztr",72.0,0.0,False
hughesjonathan@pena.org,05514762453,ntjnc4h0ldd2yia6m7u6,5176:b1b5:d308:40b9:7c25:f5bf:4258:52d2,"7444 Shelby Fords Apt. 290
Rhondaland, AS 85277-9573",7,5,3,"ec0xejv1, uplzo1p7, co2h5f40, 3kwagzt0, ggnme3au, tbc5gpg0, pne2a081",275.0,3.0,False
anthony04@gmail.com,1-910-678-8300,pabten624qp5gacfxnxh,248.33.149.88,"412 Joshua Knoll Apt. 533
Davidland, ME 61496",2,2,1,"ird6quss, kr4piaj6",49.0,0.0,False
mgould@yahoo.com,1-394-145-7899x0176,o7xocau2odnpc1so7ued,e85d:101b:e213:d8d0:8722:3fce:1e31:17f3,"19170 Hansen Throughway
Wilkersonville, PA 09423",5,4,2,"ls23wjjk, 57digam0, vvo1vly6, skhsy75r, bph7txfx",119.0,1.0,False
bakersydney@gmail.com,002.940.3004x9094,18cnggmlahgf7trpqsu8,246.139.218.89,"8649 Mcgee Locks Apt. 114
North Angelafort, IN 05272-4651",5,3,1,"4d21mp0y, 06r7dg7q, nwvqorle, x8085ani, 5i9fxj2h",175.0,2.0,False
kevinreyes@johnston.net,1-586-561-8956x40209,jfu1ob6izknk46i3ddxw,e0ec:bc57:9219:e4b:9192:64c2:82cd:4983,"958 House Plaza
Barnesberg, WA 67085-1912",0,0,1,,,,False
udavis@clark.com,(942)067-2430,y7b7eqwqn34mytvn1i5z,146.191.70.148,"9923 Williams Ramp
East Lauraburgh, GA 48874",3,3,1,"i7p3731v, xm6z2ku4, a1etssuy",41.0,0.0,False
nancymayo@brown.com,830-346-6543x518,1asmfecu4hbv73a2r5jy,79.112.154.104,"6927 Nathan Mountains
North April, PA 95355-9109",7,6,2,"ht0fcw33, d6rooqlh, 5unj4ehj, gkkxcjim, uhz22wkv, lg7lup4i, 4z7tp93o",338.0,1.0,True
johnlowery@gmail.com,1-820-539-4726x993,2in0fh7lep289n8dcbdz,163.128.139.42,"814 Wagner Union
Ashleymouth, HI 35617",2,2,1,"300mewnx, cfoevtai, kg0emdbe, crwqqfpi, u2xbyl92, c5w6btep, 7sdl8reg, i25dewqi, bpvdqkr7, qenelvvf, w5wkltds, m0vig74t, ao66pcnh, 0ltw4chk, h1zprjml, aoyfjmwf, hjsrew5l, e93zwysp, t2tr0zve, ckvws967, gzs6it77, soaefwfo, 7df4i4c9, c5usmga3, qio8vvq7, xi23rned, my4g00b1, g3bqf8xd",1033.0,6.0,True
warrenedward@arnold.com,201.737.5119x64000,6py7ewqjkxjw8zjl9eri,45.203.99.249,"49680 Brian Squares Apt. 122
Port Walterburgh, MH 02766-0708",4,4,14,"0w4ng8t4, 1od1zuej, 409r48ot, kaxr9ib2",117.0,0.0,True
rbolton@hotmail.com,04454448537,znuylfikiuid1orrwsvt,911e:44d8:824c:85a3:ba7a:6513:8d40:c4c3,"150 Kenneth Bypass Apt. 791
Kevinton, VT 92488",5,4,3,"hojsrmq7, mco06mub, lt32c5y7, izx7ae9w, nixfmk79",117.0,2.0,False
michael57@oconnor.com,06109351281,vqvlsaw0j6p0r8sij1qs,30.23.223.15,"905 David Rest
Nicolemouth, OK 53015-0063",0,0,2,,,,True
jonathan99@stafford.org,(986)656-8692x32356,1mt65bhu4bzyrmzeitz6,ecc1:e4b8:65e1:d1e:bf58:b09d:3c50:509,"4913 Wright Ranch
Roymouth, VI 48629",2,2,1,"ziw7e3wa, d25j8j1o",92.0,0.0,True
lleonard@turner-fleming.com,1-414-937-7421x73705,yfpqgg5oxsn107veaala,97.111.97.42,"96103 Riley Walks
Michellefort, ID 98085-6066",11,8,1,"rids9xcr, vfr9e4p1, 7vettvqh, 8zufs56k, iavr78ml, po2qgue2, 02xzx7s8, ubhcpkcn, 0zv4q3v7, gidcndd6, bkink4ub",653.0,3.0,True
whitedavid@jones-lloyd.org,902.047.2861,jvab5ehh3y5u4spybjm4,95.228.108.171,"881 Jessica Ford
Ericksonhaven, FL 83492-3227",5,5,4,"3pymh6mw, unkt953p, 009jh4iq, bjtbye6a, i8ish28k",283.0,0.0,True
grace99@wright.com,257-706-1003x92053,1rqqqzad6b2grmhvktxf,3c3d:d324:e445:35c:4d73:936a:e1bb:ce99,"88469 Rebecca Land
West Kyleborough, DC 15715-5196",0,0,1,,,,False
tayloreric@gmail.com,1-160-137-7889x74832,sjoj10iss04dq90i4w7x,3.75.86.140,"3195 Farmer Mills Apt. 946
Brittanymouth, IA 14170",4,3,2,"58xj4057, c15e6515, 90fuwka6, v2eetof8",85.0,1.0,False
shelby24@hotmail.com,(071)934-3315x27613,obb41ux0zfa2td5ajo9s,45.203.99.249,"3271 Cynthia Groves
Port Jeremyberg, CO 27305",5,4,2,"8bksc5m8, uy4yp6pt, vjunxb2y, 9s2ob8gu, z2u9dn7i",192.0,1.0,True
cindydelgado@gmail.com,523.689.5105x7670,z3vo5aropo8rd2lfqrnq,86.201.239.98,"7835 Jasmine Mission Suite 502
Port Alejandra, WA 47942-2517",4,4,1,"1fgz8zng, b13nyxts, x73jfun1, 4o8fq6zf",146.0,0.0,False
brittanydean@hotmail.com,06238721842,yq8xiivmx4prlgx0gofo,3517:8e52:885:8640:a59:f5fd:cb33:b06a,"49680 Brian Squares Apt. 122
Port Walterburgh, MH 02766-0708",6,4,1,"mq9xpl0j, rsxqencf, xqb78j8d, tujxikee, 08k9grki, 28ddf0q0",202.0,2.0,True
watkinscaroline@lewis-haas.com,153-392-3908x8124,mcfj07mm32tyodtfh7z2,244.18.220.218,"991 Melton Viaduct
Wagnerville, NH 56051",2,2,1,"evap24h5, qv0juj5h",38.0,0.0,False
marissacollins@mckinney.com,09686705337,jx3d90d32iz1zlo5jntm,a2df:1771:97bf:98cb:3a4c:c7ec:a113:b080,"95667 Alex Burg
Greenton, NH 20710-0614",6,5,1,"3ukr2xo2, wkk02323, j8pqgvs2, ldrk3iu0, u8124k9p, ggmerx76",166.0,2.0,False
craig83@rasmussen-alvarado.com,122-259-7479x336,s93o0wj3eqd9whcy9ng3,35.212.254.226,"10068 Adam Rapids Suite 792
Rileyburgh, GA 11372",2,2,13,"rkahezdu, crl6tv84",41.0,1.0,True
thernandez@johnson-quinn.com,(940)148-2704,y2n05wrk1bg8w21bey0t,1f62:a7f0:6db0:caee:9b6a:eafd:dfea:c50,"911 Miller Summit Suite 426
Port Ashley, IA 03124-9666",2,2,1,"gaxk9rqy, m8r6hniu",36.0,0.0,False
emilyroberts@hotmail.com,479.228.3536,dpgcbcifnntnq2ht4owp,87.18.25.113,"94798 Reed Park Apt. 840
Port Normanborough, ME 36946-3989",2,2,1,"65kax9bv, jydc0igm",36.0,0.0,False
ukline@spears.biz,(199)535-2932,vv7fwhdfrxaeozga5be6,990a:643c:1936:30db:f90:90fe:c1e0:47c,"2038 Billy Turnpike
Barreraside, AR 77704-0733",0,0,3,,,,True
vmiller@hotmail.com,000-734-4774,b1tjk5s0j9ybj1qpt3ik,164.79.214.9,"PSC 9111, Box 9839
APO AA 57283-9646",10,8,1,"a77klpib, ip5tk6rk, 0kkdyxv9, mjnf4ynr, 1hnqqte8, chhgzokp, 1fvxj1f7, 2pxfi412, vmzjq1hz, tp8rcpaj",551.0,3.0,True
david45@gmail.com,(508)223-3834,l6qv05oe0h0j78kx84ex,9d8d:535b:36fc:8773:bec0:8fa5:3206:4cb5,"5360 Adams Falls Suite 829
Hensleymouth, WV 86746-6334",10,8,5,"37wzwli3, t08f5g4x, 1nm2xl3k, o09fmom1, rbjz1iom, lva5by83, 1jpyo91x, w7v8dfj3, 55dcono8, 88pxkgun",566.0,3.0,True
fdavis@wolfe-brown.com,143-448-8038x81186,gt7k74rsgtklj0zjx8gl,69.138.168.116,"6609 Hannah Road Suite 577
Richardchester, AL 20921",3,3,3,"4r72r534, 0flz070f, lbfnlnfe",72.0,0.0,True
kathleenlee@yahoo.com,03898354581,3nl9r01aoqks8pn0m4hb,143.172.2.212,"206 Olson Viaduct Apt. 982
North Charleschester, CA 67567",6,4,3,"fkoqiy81, xszxv6w1, 9masuhff, nl649qu5, ah0args9, ezx663wg",191.0,2.0,False
benjamin19@gmail.com,145-419-0237x139,akahn9g6l5245a3zfby6,d7d:faf5:36a8:6b28:f7bc:b265:7611:ceda,"90771 Daniel Field Apt. 429
North Jamesland, IL 45690",4,3,2,"xduef3wa, g0v9a6i2, nm7oqe4d, kcdt39ks",87.0,1.0,False
mtrevino@gutierrez.net,390.417.8057,pycmjs4dqylc8rb0s9pt,6694:eef3:c2a3:9181:42a0:2df9:b2c1:2acd,"767 Tiffany Drive
Mirandaview, OH 42972-3228",1,1,4,wkw8llhg,17.0,1.0,True
tmcpherson@wright.com,1-804-264-1481x08539,ui77ukzr5lnqpajdk03u,296d:59fe:a919:21ac:16dd:96f5:10b3:4f83,"7956 Alex Avenue Apt. 593
Port Michael, OK 41350",13,8,1,"8ko07llh, a0krnphc, jwdcjcvh, x84iyy6o, rilyerv3, nob1c9da, 6h400s45, p9l1ry2z, 37xngvsx, 4yoepvao, cthnkebs, ho3ia5k6, 7l217x0d",596.0,6.0,True
wdelacruz@yahoo.com,155.688.4242x443,fmm4yabu9llergl9qbl9,cd18:5626:a1c4:7e99:addf:368e:c98:e772,"3074 Caroline Oval
Lake Maryburgh, MA 15880",4,4,1,"z7wlutjb, 7prmsn0c, y57y5psb, m4c0aa62",231.0,1.0,True
brooksdustin@knight.info,345.319.0722x7868,dhe9trcjv1fyr2vr18q2,172.69.105.137,"8554 John Forge Apt. 284
Port Kimberlyburgh, NM 29954-7053",1,1,2,57bf8t4x,17.0,0.0,True
ybrown@gmail.com,+32(2)6119524982,nsbh7z6p9hw17qq4mhhh,101.94.37.245,"5154 Fernandez Points Apt. 712
Mcguirehaven, MN 91595",5,4,3,"syutt7yx, zzg2ywpl, 0mnx24qs, 2obfozx3, jauf6x87",144.0,1.0,False
vreyes@cruz.info,029-308-3389,dcxumu40bfvtofs61r9c,4169:eb39:d5db:e1ab:b739:6e98:70:4f39,"3120 Horne Vista
Port Emmaview, LA 25479",1,1,1,7pupat69,30.0,0.0,False
3fooiar@6eph,1-774-301-9632x42146,by46esafzb52tuqcy9d1,181.88.44.76,"942 Hopkins Loaf Suite 128
Port Clifford, AK 28150",0,0,1,,,,True
nicolekelly@hotmail.com,02296551953,26buke7oqcdrk1x78588,242.102.134.32,"Unit 6251 Box 1562
DPO AP 54457-8709",1,1,1,fkjd0vf6,42.0,0.0,False
barronelizabeth@singh.org,867.528.2694x83638,ck37pcnsqa9po9g1euae,130.55.185.234,"8663 Kaitlyn Key
Brittanyview, CT 46389",5,4,2,"xggmoajo, 54mziv51, v2io6j5q, 14s99io7, l022kzwv",120.0,1.0,False
phillip89@gmail.com,649-150-0665,jyk9fawabmu0yi4ee69q,2.47.31.110,"2672 Jeffrey Cove
Michaelport, ND 40991-4174",3,3,1,"hpcl1rqn, i5cw09zr, 5gbtznk4",74.0,0.0,False
ugood@mosley.info,869-856-7969,qdrwvtooysq6q0i0asm7,7847:656d:453b:4e2d:8493:82f8:cff:502e,"88979 Jennifer Field Suite 069
Robertchester, CT 26498-8802",2,2,4,"gpeuthlg, 6qeucn7v",141.0,0.0,True
zgraham@yahoo.com,1-469-696-6266,t2ztblzdu5hhzuo5fl6g,114.134.196.43,"4608 Travis Spring
Sarahtown, KS 65613",5,4,3,"tyhoucmk, 82m0gkqr, cosa5rtj, 93wgj32w, trxn5ehm",119.0,2.0,False
pchavez@randolph.com,(569)110-7736,ol87wpzs0jpsw13jlyko,acba:ba43:ae87:641c:3009:8355:c6ff:15b9,"3604 Lyons Prairie
Allenbury, WI 26089-9330",1,1,1,idhsbo74,39.0,0.0,False
marywalker@gmail.com,828-124-3490,kah1gtidszvnkih1lvtd,11.165.157.167,"4025 Rivera Mill
West Justin, UT 11158",4,3,3,"59di64ja, 9fxpqd1e, mpqpuama, v19i5ylc",82.0,1.0,True
shawseth@stout-novak.com,00065094171,svq3bmo24fmvgqjpzb7i,d606:a3a7:a070:6a0:3aa1:c662:1492:ae8c,"3257 Mercado Underpass Suite 577
South Jordanville, MN 63747-7262",0,0,1,,,,False
smithtonya@huffman.org,1-753-714-9977x4456,fd5khwqxgptuyvtl59mp,7243:82ce:52ca:f27b:f116:30c0:f704:59f3,"401 Linda Circles Apt. 670
Raymondton, OH 67056-3087",3,3,1,"mmxvwcnc, wmqq0rhj, qmywqxmq",81.0,0.0,False
hamiltonchristopher@yahoo.com,(600)151-8836x7328,c9qyfs1gmssc5ia83wi0,117.6.168.209,"32609 Mark Vista Apt. 688
Huynhstad, MN 06562",2,1,3,"gnhirhoy, s4fv6dqi",78.0,1.0,False
amywright@wallace-johnson.com,629.489.3980,n29he2b6a841zcbiw2i9,254.155.117.48,"403 Anna Center Apt. 947
Meganhaven, GA 46627",6,6,1,"sbuj220x, lwfud9ou, ewy4l0pq, bukm9xs4, aus7niea, 1vw81h7t",312.0,1.0,True
iray@rogers.com,738-700-9649x102,qkkvc35qa3mx8g1t1jr2,4338:887b:3e9b:f16d:7257:2a21:6559:e9a4,"Unit 4843 Box 7401
DPO AP 92304-9120",5,5,5,"amyaqwxv, 6wmrhsvw, 76kkztvq, me89f00o, tzys1r4y",227.0,0.0,True
ctaylor@yahoo.com,1-020-923-6697x8718,uu141ykhyig0cj3s98jr,dda2:66e0:4279:3c1b:ac29:4cbb:5ea3:c26b,"87096 Warren Turnpike
Howellview, WA 74727-2420",8,6,6,"us3sl1w5, fmt8i50f, 3asqnj9h, sw8vizzn, tnzw0wf9, 22wpoikc, 464cuad3, iwr5gm7i",398.0,2.0,True
kellyfrank@atkinson.com,385.658.6769x97942,7oxxcwtvj7ypxqjgot80,77a1:d842:acfc:5d50:a803:70c1:4f8b:7cfc,"05919 Lopez Hollow
Noblestad, IN 29012",0,0,1,,,,False
gomezjohn@yahoo.com,1-333-131-2746x6449,21rpvi89b6uon3c3x8gc,a8da:1d73:a062:6289:e6a6:7bcc:51b2:6dcb,"PSC 1043, Box 1089
APO AA 29395-9131",2,2,1,"7w0n4z25, 0h8u9mpm",59.0,0.0,False
mullenstephanie@yahoo.com,(616)674-0266x776,056bfyj4m7svmdeex8z1,50.190.231.22,"3483 Frank Estate Apt. 466
Thomasburgh, MP 54561-8178",3,3,2,"lxpd7329, 1zhxo5b4, 6wvb00ik",57.0,0.0,False
wbeltran@ramirez-shaffer.com,1-627-545-5097x7356,z0uxvp8sio7nyv7op58j,1b75:d451:c48a:12:cfc7:bc1e:d748:ee62,"4873 Perez Groves
West Gregoryburgh, NH 45193-3053",0,0,0,,,,False
koneal@henderson.biz,059.431.5467x7848,gcfo5uheb9mugbstbjez,85.188.105.126,"056 Megan Trail Suite 355
West Zachary, GU 51278-2318",4,4,1,"s7kvbnb1, htkv5ymx, 7qdnutij, u2eijqhe",98.0,0.0,True
xramos@hardy.net,658-087-1973x688,4kl0sso2vjavht738gbq,472b:1d87:5a09:953a:8ced:a2bf:e862:b927,"522 Christensen Mall Apt. 479
Mitchellville, NJ 37446-7414",0,0,1,,,,False
brianthomas@yahoo.com,04061905118,1djsf7mffce2xhvsf139,219.222.4.152,"9205 Jeremiah Field Suite 815
East Christopher, IA 93399",6,4,1,"srhoioko, sdx47g08, 7d74oyac, 7kx1329q, we3p9buz, k8k2d6kb",236.0,2.0,False
oaguirre@hotmail.com,1-856-006-5150,cvtpgtclxkvcwvr16cyd,ae37:8e14:bfc1:43c4:7dde:7b9e:ca7f:4721,"719 Jeremy Flat Apt. 914
Alexanderport, IA 97423-7424",1,1,4,5s2j37z0,47.0,0.0,True
joshua00@hotmail.com,+96(0)1872091077,y04p9bz3r8dmmcpqxgzm,a06a:af58:8d50:fe02:b3b5:a1d2:9251:9dec,"44361 Amy Curve
South Erictown, MN 32004",5,4,2,"7dmekh44, rh1bddbi, ys8gd1yz, 6x8h7znc, miiyptdl",177.0,1.0,False
veronica42@stokes.com,111.180.1112x63480,s9jcp2b4ojffrdp99g95,f6b0:e228:1624:ac40:2b2e:e2d2:ff04:90ac,"51448 Robert Flat Suite 980
Williamsmouth, FL 67487-5651",1,1,1,6dwhx2bc,33.0,0.0,False
cindydeleon@yahoo.com,01524024300,jy8lgca2hto8r58zw5oo,2ebe:381c:151a:9df5:65f5:808f:103d:d128,"USNS Ramos
FPO AE 16248",4,1,2,"5ndeff4q, efvuhjx7, exdzrfbl, n78bpcgi",56.0,3.0,False
johnlowery@gmail.com,1-143-059-1833,tyijaify2hqadwslejyr,e4c:fb48:8ee2:9819:6ae8:8d3f:3b6a:a788,"518 Wood Mews Apt. 970
Dillonstad, NE 43317-3945",0,0,0,"300mewnx, cfoevtai, kg0emdbe, crwqqfpi, u2xbyl92, c5w6btep, 7sdl8reg, i25dewqi, bpvdqkr7, qenelvvf, w5wkltds, m0vig74t, ao66pcnh, 0ltw4chk, h1zprjml, aoyfjmwf, hjsrew5l, e93zwysp, t2tr0zve, ckvws967, gzs6it77, soaefwfo, 7df4i4c9, c5usmga3, qio8vvq7, xi23rned, my4g00b1, g3bqf8xd",1033.0,6.0,True
kyle64@stephens-ortiz.com,587.550.8830x64152,tvq298xvzj7zla68uz5h,196.30.166.8,"42423 Marco Summit
New Mark, FM 17715",5,4,1,"bb7h3ho1, atmrshug, jv2aw7ft, 2ymlir6k, vn7ys0h2",129.0,1.0,False
jordanthomas@hayes-wilson.biz,+36(0)4967812825,sfx5nec64m3aczye0lb4,227.48.202.65,"818 Andre Ferry
South Christopher, MA 53275",4,4,3,"ut8a5hyw, t4zal6wo, 4ibeew3x, vn79akmv",151.0,0.0,False
aliciaanthony@martin.com,+77(2)4526373005,9iac2it77dm615ucymx3,110.221.131.62,"265 Marisa Keys
Lynchmouth, WV 63252-7526",3,3,1,"d27dmlyt, m5ojvu3i, jxosraoj",95.0,0.0,True
stephanie21@reyes-spencer.biz,990.862.5466x7247,r526953keh7ctxcf9lnh,96eb:8d53:678:53ba:599b:5db6:3fe3:3218,"31068 Vance Forks Suite 516
New Christopher, VI 95596",0,0,0,,,,False
jenniferperry@hotmail.com,+27(2)4721167637,u4gxqno1iwgs4cn6502c,202.230.239.182,"16855 Lopez Tunnel
Port Stephanieville, PW 58997-9470",4,4,2,"090ujaux, yypw7n1d, s0yyt7of, 4ozk9f09",86.0,0.0,False
bhorne@fuller-nelson.com,1-512-954-5541,dgfa5pe2t45d1u6ox33l,118e:7887:94b6:b2a7:d2ad:8f35:c241:3149,"25653 Key Gateway
Port Robert, PA 64370",0,0,0,,,,False
lsanchez@hotmail.com,00256720158,o9cdi8b4zhrzzvp0hl2f,49.219.239.140,"044 Ronnie Run
South Dawn, CA 49202-3034",5,4,2,"ogpqwzrl, r8ka9avu, q5ua8ylu, 3q7pfnul, nm9dlvgw",133.0,1.0,False
christinemills@mcgee.com,(651)355-4709,zbn9it3s7yl69bjtrnqf,45.203.99.249,"5156 Greene Park Apt. 748
New Sandra, CA 14802-7364",5,5,2,"xo0ezry0, 0ag8hv7x, f0iufxzu, 0tnloyfm, d4oenk4o",125.0,0.0,True
cuevasvicki@gmail.com,347-432-4171,gjieqcwj7nq91qkgdqb1,89f4:de6f:d732:11dd:c56:c6e1:ce7a:d888,"69632 Baker Prairie Suite 013
Gonzalezhaven, UT 17435",6,5,3,"i8w9h2cd, sjy0l8ad, 5pau86iw, qblmwgfm, 7dm6i2pb, pihkylay",192.0,1.0,False
mitchellgriffith@yahoo.com,1-321-386-6855x0101,72stamnugxuz9ls1xx98,158.185.147.61,"Unit 6719 Box 6044
DPO AE 33534",15,3,1,"2t7q4sjh, aegdz9wr, d4f44rhh, p4bjmsol, qybsml7x, zjplyhca, m8zl1qvt, nb7tswnn, 0yqd9taf, 91xu5lzd, e6kpuach, mv2yyjg1, naq0x1ex, sffxzqww, ykdbfnin",436.0,12.0,False
gwilcox@hotmail.com,1-114-728-2835x715,3pfhcvbn8itarkhxl087,168.56.122.190,"77436 Denise Key Suite 828
Mayschester, AR 65254-4549",7,6,5,"nzot2cqt, fn9a0hml, p22jityx, 6fm14ue0, rs1oex3s, ywydanw2, dsjvchs7",432.0,2.0,True
victorgarcia@gmail.com,937-523-6702x7281,1597k0yfivb94139vcj0,184.74.109.237,"PSC 9769, Box 5820
APO AP 17294",1,1,1,kzb8h607,34.0,0.0,False
brittany60@yahoo.com,(172)959-5151,55uutypnlt0dve5gnzpx,174.86.116.243,"603 Sophia Flat Suite 158
South Wandaland, PR 07273-7503",5,4,2,"r53rt9lh, dl1cdscx, ahtln53x, pi3n5nzn, 7zpfyxyn",217.0,1.0,False
fharris@hotmail.com,828.921.8126,vq9wb7q19vwuirk37dcn,1a1c:b6f1:5c57:e9b8:28c0:edc0:9935:e55a,"5434 Olivia Junctions Suite 109
Crosbymouth, KY 63938",4,2,1,"cr54660y, ikfxbvy8, t9235lna, 0eptxbrk",173.0,2.0,False
mercedesfinley@roman.org,569-710-0646x4095,qh7i8ad23hd5vosiuj5j,f15:32d4:97fb:c211:3d4e:a471:af9c:6c34,"03028 Brown Spring Suite 348
Elliottchester, WY 10834",5,5,4,"s7r7mdlh, xraiaun9, r3ornrhq, spnrmftf, kzj11whl",130.0,0.0,False
davidwalker@hotmail.com,02877590244,96ikyqg56kakwa4eix4q,e634:6f95:c48d:8db4:8e95:dfc8:7225:1e0a,"8765 Dyer Alley Apt. 682
Dominguezburgh, ME 74208",0,0,0,,,,False
philipnelson@dean.com,534-301-8809,xvxnwq1qs3gglt4k4g5t,ea1d:c7d:1e39:a10d:d15f:6430:d2a6:aaf,"40185 Kim Motorway
Shawchester, IL 78234-1556",0,0,0,,,,False
1yf0@jedyz63t,463-609-3475,j3a0155srqw0yeqvbgps,1fe2:1fa3:2a6f:845d:1037:2dac:2831:9d50,"12350 Nicholas Greens
Lawsonborough, NC 70237-3962",10,5,4,"foo56851, drngwa51, 5010w1m2, xyavqxjg, 84xwwv0d, 67o717jo, 7nib2tyk, cnion0pc, i4edjdey, pkc9dfn2",217.0,5.0,True
thomasryan@conrad.net,1-192-434-2783,spoo36hycxgbo0y2tap7,3.225.227.70,"00373 Hicks Keys Suite 407
Millerside, HI 98544-8185",5,3,2,"6bvyi75n, a2iekqhg, mijozk3a, bgc001g0, oys0c9e5",117.0,2.0,False
kwalsh@lopez-gomez.biz,04103378280,mdoe6wib243y09uaj95z,3162:1f06:9114:56d1:f5e8:bf3a:6ad0:b6f2,"0008 Jessica Stream
Mcbridetown, MH 04017",3,3,2,"o39lupeq, x37r5o4e, hhg5fwwa",100.0,0.0,True
martinezlori@gmail.com,353.413.2223x82475,9ycz6r0ulpqtc04qxfke,d04c:1016:1b00:8a18:d9fc:5455:cae3:b97a,"PSC 1505, Box 0924
APO AP 49055",5,3,1,"w3lp3m3e, 4ccan7ny, med79zy3, fv5z6bnc, q0cxhnip",168.0,2.0,False
johnlowery@gmail.com,076-099-0630x72770,6qy6oa3nqutsyyxzc54c,f259:657f:f329:2fca:c06c:8b57:d6ac:2380,"687 Rogers Bridge Suite 780
Valdezburgh, IN 23532",6,5,3,"300mewnx, cfoevtai, kg0emdbe, crwqqfpi, u2xbyl92, c5w6btep, 7sdl8reg, i25dewqi, bpvdqkr7, qenelvvf, w5wkltds, m0vig74t, ao66pcnh, 0ltw4chk, h1zprjml, aoyfjmwf, hjsrew5l, e93zwysp, t2tr0zve, ckvws967, gzs6it77, soaefwfo, 7df4i4c9, c5usmga3, qio8vvq7, xi23rned, my4g00b1, g3bqf8xd",1033.0,6.0,True
stevehernandez@gmail.com,716-379-6345,felexq5xniffmhhlqdqm,601d:b1f3:1a48:e0ef:1452:906f:21dc:b526,"904 James Route Suite 595
Lake Ruth, CO 66976",6,5,1,"7kxhp29x, ziocjvea, 8c5f90a5, ds1cg5jj, rayscslh, m1w4y3sd",180.0,1.0,False
daniel98@lamb.com,758.182.1357x89421,lu49z4dhold8niozpl4w,d6d4:7645:ca31:dba3:42b0:c89a:d065:d67d,"6698 David Squares Apt. 540
Westburgh, MA 77937",1,1,1,lx8113ey,16.0,0.0,False
ujackson@harris.com,852-231-3642x738,2k850f1rbwvju71sbhqp,99.149.12.193,"664 Maurice Row Suite 634
New Jodi, OR 56525",5,4,2,"apeqsf6w, kwkd076c, ln2yqoc0, o0acxutg, 9a7cmr1e",83.0,2.0,False
brittanyhicks@jones.com,579-193-1785x676,b054slok65d4k1t01u4a,89.73.189.96,"233 Jessica Lights
Port Sonya, SC 47511",2,1,1,"bi4lb6bp, sw740j0n",66.0,1.0,False
deborah38@yahoo.com,06498402936,vc71dbmrdaz78jgi7nhl,8f3c:9e11:63b4:73bb:20d1:86c7:ab70:2e04,"391 Rogers Flats Apt. 287
North Rickchester, FM 35587",1,1,1,muzrxahs,30.0,0.0,True
andre74@patrick-decker.com,150-073-8610,4gfo1e3xeirjanhwko92,d89c:db0:5ff9:a150:9e6c:482d:c900:fb33,"55197 Jeffrey Burgs Suite 700
Gardnerport, VA 04866-4230",5,4,4,"kdc3wdhj, 8f8tkglk, 09hmwr4s, sdvzm88k, 0rtt6tgw",198.0,1.0,True
patrickcalderon@russo.net,444-358-6570x947,84z3gd4fiabz488ybv9p,2be:a4d5:eb39:fa22:2650:83d5:917f:5f23,"6223 Cheyenne Villages Suite 751
Coryborough, ID 21264-7220",3,2,1,"vo7nj6b8, jyjpu7xe, s3t5yx6o",110.0,1.0,False
mitchellvickie@brewer-jones.com,313-124-3836x3528,ecu7ezz0ue67v3fce1o3,181.90.104.120,"829 Ramirez Dam Suite 648
Gatesview, OR 55669-8691",3,3,1,"ryxa1mzn, waeqt53t, chd6ii6v",126.0,0.0,True
sbrown@hughes.biz,(250)632-6631x02499,xgv918sclaz40qlp2fee,16.166.2.0,"9472 Pacheco Islands Suite 940
Drewburgh, AZ 04238",6,5,3,"293g6767, 8hqq8gnj, o9wqic08, vksokuxy, get2kwes, iwe4sw3m",149.0,1.0,True
johnlowery@gmail.com,635.676.0955x524,969zz9zdj8z4gns4sx5p,f82c:811f:8a02:e2d6:79b:fcaa:42de:570b,"548 Bryant Inlet
Veronicaside, OK 00522",4,4,2,"300mewnx, cfoevtai, kg0emdbe, crwqqfpi, u2xbyl92, c5w6btep, 7sdl8reg, i25dewqi, bpvdqkr7, qenelvvf, w5wkltds, m0vig74t, ao66pcnh, 0ltw4chk, h1zprjml, aoyfjmwf, hjsrew5l, e93zwysp, t2tr0zve, ckvws967, gzs6it77, soaefwfo, 7df4i4c9, c5usmga3, qio8vvq7, xi23rned, my4g00b1, g3bqf8xd",1033.0,6.0,True
ethompson@jackson-sanders.com,962.300.2250,navessqcnmc9csfjn5cj,203.246.172.244,"16953 Jennifer Springs
Kathybury, IL 02095-3215",8,6,6,"1uusmhj9, 1exu7d21, aph71b7b, piabwn96, yneqvvwj, l2t3xn9z, yb9ejssg, j3xzwavj",378.0,2.0,True
dawn05@tucker-brown.com,(089)703-7360x8848,lu4fgcug8dr0dwbcuui1,132.132.95.33,"130 Kimberly Junctions
Ericmouth, KS 59756-2919",7,5,4,"6incxb5x, wpd29k0c, 7yilsi1o, c82k5bcv, wmh52bns, xdw33hfp, wgmajf82",176.0,2.0,False
